Model,ratio_above_truth,crps,crps_log1p,crps_norm,example_metric,mae,sensitivity,specificity,outbreak_accuracy,coverage_10_90,coverage_25_75,rmse,sample_count,winkler_score_10_90,winkler_score_25_75,winkler_score_10_90_log1p,winkler_score_25_75_log1p
ensemble,0.4902678571428572,118.12214846454394,0.9429269059270867,0.060793694526270696,44472.941817376064,132.3599458850478,,,,0.4255952380952381,0.19940476190476192,274.39902412287563,33600.0,1079.2144743793317,507.418893493646,7.208053517346444,4.140988881845674
