Model,ratio_above_truth,crps,crps_log1p,crps_norm,example_metric,mae,sensitivity,specificity,outbreak_accuracy,coverage_10_90,coverage_25_75,rmse,sample_count,winkler_score_10_90,winkler_score_25_75,winkler_score_10_90_log1p,winkler_score_25_75_log1p
ensemble,0.41083333333333333,76.45345611969282,0.7079457034496175,0.03934815034466949,15457.821472406613,107.34598244726814,,,,0.6527777777777778,0.4305555555555556,228.67850684343708,14400.0,490.1857407839444,333.13393546258874,4.845969434156152,3.1371508474691736
