Model,ratio_above_truth,crps,crps_log1p,crps_norm,example_metric,mae,sensitivity,specificity,outbreak_accuracy,coverage_10_90,coverage_25_75,rmse,sample_count,winkler_score_10_90,winkler_score_25_75,winkler_score_10_90_log1p,winkler_score_25_75_log1p
ensemble,0.40666666666666673,114.50521266991034,0.9368203910408793,0.058932173273242586,51897.25900817981,154.45612800053516,,,,0.5476190476190477,0.28273809523809523,330.9661821387808,33600.0,706.6046819039586,528.9286584387448,5.623833476119152,4.208790412322595
