Model,ratio_above_truth,crps,crps_log1p,crps_norm,example_metric,mae,sensitivity,specificity,outbreak_accuracy,coverage_10_90,coverage_25_75,rmse,sample_count,winkler_score_10_90,winkler_score_25_75,winkler_score_10_90_log1p,winkler_score_25_75_log1p
ensemble,0.4048214285714286,115.40833063141257,0.938362457748387,0.05939697922357828,51569.32288741049,153.48012764110265,,,,0.49107142857142855,0.25595238095238093,328.9209357253612,33600.0,788.435690670634,527.477230338958,5.791296009123223,4.190503087917707
