Model,ratio_above_truth,crps,crps_log1p,crps_norm,example_metric,mae,sensitivity,specificity,outbreak_accuracy,coverage_10_90,coverage_25_75,rmse,sample_count,winkler_score_10_90,winkler_score_25_75,winkler_score_10_90_log1p,winkler_score_25_75_log1p
ensemble,0.4151388888888889,80.52796788459617,0.7185590961098511,0.041445171325062355,15840.976650659228,110.00678229624464,,,,0.625,0.4513888888888889,237.41610968299975,14400.0,529.8073659848989,352.1187501418169,4.963430233017287,3.1654315047544417
