Model,ratio_above_truth,crps,crps_log1p,crps_norm,example_metric,mae,sensitivity,specificity,outbreak_accuracy,coverage_10_90,coverage_25_75,rmse,sample_count,winkler_score_10_90,winkler_score_25_75,winkler_score_10_90_log1p,winkler_score_25_75_log1p
ensemble,0.3976488095238095,116.18743794779233,0.9296142855194878,0.05979796085835941,52423.16414198576,156.02132185114812,,,,0.5119047619047619,0.25892857142857145,335.00021570174465,33600.0,755.2926273167403,534.1190983460872,5.751022922820541,4.140393411737591
