Model,ratio_above_truth,crps,crps_log1p,crps_norm,example_metric,mae,sensitivity,specificity,outbreak_accuracy,coverage_10_90,coverage_25_75,rmse,sample_count,winkler_score_10_90,winkler_score_25_75,winkler_score_10_90_log1p,winkler_score_25_75_log1p
ensemble,0.3998214285714285,115.46226168464976,0.9537507916594037,0.05942473581299526,52213.232070569225,155.39652401955126,,,,0.5119047619047619,0.25595238095238093,333.83163720050624,33600.0,771.7674190308153,533.3612491859917,5.80576269218761,4.277779108300537
