Model,ratio_above_truth,crps,crps_log1p,crps_norm,example_metric,mae,sensitivity,specificity,outbreak_accuracy,coverage_10_90,coverage_25_75,rmse,sample_count,winkler_score_10_90,winkler_score_25_75,winkler_score_10_90_log1p,winkler_score_25_75_log1p
ensemble,0.3865773809523809,120.22717219410545,1.0061885420117567,0.06187708296145415,52767.058613723144,157.04481730274745,,,,0.48214285714285715,0.23511904761904762,333.30463054007083,33600.0,868.5072695332473,549.7208564707462,6.419220878297137,4.476959965525153
