Model,ratio_above_truth,crps,crps_log1p,crps_norm,example_metric,mae,sensitivity,specificity,outbreak_accuracy,coverage_10_90,coverage_25_75,rmse,sample_count,winkler_score_10_90,winkler_score_25_75,winkler_score_10_90_log1p,winkler_score_25_75_log1p
ensemble,0.3636607142857143,122.37025052418127,1.0110012771381365,0.06298005688326366,55112.8880999212,164.0264526783369,,,,0.5505952380952381,0.2648809523809524,348.3047444107472,33600.0,800.0665333238827,567.6418243250569,5.652050247231141,4.586139694042501
